name,base_eq,fuzzy_eq,fuzzy_neq,fuzzy_err
scythe/recent_posts/001,,0,0,0
scythe/recent_posts/002,,0,0,0
scythe/recent_posts/003,True,10,0,0
scythe/recent_posts/004,,0,0,0
scythe/recent_posts/005,,0,0,0
scythe/recent_posts/006,,0,0,0
scythe/recent_posts/007,,0,0,0
scythe/recent_posts/008,,0,0,0
scythe/recent_posts/009,True,10,0,0
scythe/recent_posts/010,,0,0,0
scythe/recent_posts/011,,0,0,10
scythe/recent_posts/012,,0,0,0
scythe/recent_posts/013,,0,0,0
scythe/recent_posts/014,,0,0,0
scythe/recent_posts/015,,0,0,0
scythe/recent_posts/016,,0,0,0
scythe/recent_posts/017,,0,0,0
scythe/recent_posts/018,,0,0,10
scythe/recent_posts/019,,0,0,0
scythe/recent_posts/020,,0,0,0
scythe/recent_posts/021,,0,0,10
scythe/recent_posts/022,,0,0,10
scythe/recent_posts/023,,0,0,0
scythe/recent_posts/024,,0,0,0
scythe/recent_posts/025,,0,0,0
scythe/recent_posts/026,,0,0,0
scythe/recent_posts/027,,0,0,0
scythe/recent_posts/028,,0,0,10
scythe/recent_posts/029,,0,0,0
scythe/recent_posts/030,,0,0,0
scythe/recent_posts/031,True,10,0,0
scythe/recent_posts/032,,0,0,10
scythe/recent_posts/033,,0,0,0
scythe/recent_posts/034,,0,0,10
scythe/recent_posts/035,,0,0,0
scythe/recent_posts/036,,0,0,10
scythe/recent_posts/037,,0,0,0
scythe/recent_posts/038,True,10,0,0
scythe/recent_posts/039,,0,0,0
scythe/recent_posts/040,True,10,0,0
scythe/recent_posts/041,,0,0,0
scythe/recent_posts/042,,0,0,10
scythe/recent_posts/043,,0,0,0
scythe/recent_posts/044,True,10,0,0
scythe/recent_posts/045,True,10,0,0
scythe/recent_posts/046,,0,0,0
scythe/recent_posts/047,,0,0,10
scythe/recent_posts/048,,0,0,0
scythe/recent_posts/049,,0,0,0
scythe/recent_posts/050,,0,0,0
scythe/recent_posts/051,,0,0,10
scythe/top_rated_posts/001,,0,0,0
scythe/top_rated_posts/002,,0,0,0
scythe/top_rated_posts/003,,0,0,0
scythe/top_rated_posts/004,,0,0,0
scythe/top_rated_posts/005,,0,0,0
scythe/top_rated_posts/006,,0,0,0
scythe/top_rated_posts/007,,0,0,0
scythe/top_rated_posts/008,,0,0,0
scythe/top_rated_posts/009,,0,0,0
scythe/top_rated_posts/010,,0,0,0
scythe/top_rated_posts/011,,0,0,0
scythe/top_rated_posts/012,,0,0,0
scythe/top_rated_posts/013,,0,0,0
scythe/top_rated_posts/014,,0,0,0
scythe/top_rated_posts/015,,0,0,0
scythe/top_rated_posts/016,,0,0,0
scythe/top_rated_posts/017,,0,0,0
scythe/top_rated_posts/018,,0,0,0
scythe/top_rated_posts/019,,0,0,0
scythe/top_rated_posts/020,,0,0,0
scythe/top_rated_posts/021,,0,0,0
scythe/top_rated_posts/022,,0,0,0
scythe/top_rated_posts/023,,0,0,0
scythe/top_rated_posts/024,,0,0,0
scythe/top_rated_posts/025,,0,0,0
scythe/top_rated_posts/026,,0,0,0
scythe/top_rated_posts/027,,0,0,0
scythe/top_rated_posts/028,,0,0,0
scythe/top_rated_posts/029,,0,0,0
scythe/top_rated_posts/030,,0,0,0
scythe/top_rated_posts/031,,0,0,0
scythe/top_rated_posts/032,,0,0,0
scythe/top_rated_posts/033,,0,0,0
scythe/top_rated_posts/034,,0,0,0
scythe/top_rated_posts/035,,0,0,0
scythe/top_rated_posts/036,,0,0,0
scythe/top_rated_posts/037,,0,0,0
scythe/top_rated_posts/038,,0,0,0
scythe/top_rated_posts/039,,0,0,0
scythe/top_rated_posts/040,,0,0,0
scythe/top_rated_posts/041,,0,0,0
scythe/top_rated_posts/042,,0,0,0
scythe/top_rated_posts/043,,0,0,0
scythe/top_rated_posts/044,,0,0,0
scythe/top_rated_posts/045,,0,0,0
scythe/top_rated_posts/046,,0,0,0
scythe/top_rated_posts/047,,0,0,0
scythe/top_rated_posts/048,,0,0,0
scythe/top_rated_posts/049,,0,0,0
scythe/top_rated_posts/050,,0,0,0
scythe/top_rated_posts/051,,0,0,0
scythe/top_rated_posts/052,,0,0,0
scythe/top_rated_posts/053,,0,0,0
scythe/top_rated_posts/054,,0,0,0
scythe/top_rated_posts/055,,0,0,0
scythe/top_rated_posts/056,,0,0,0
scythe/top_rated_posts/057,,0,0,0
