name,timeout,real,cpu,ram,process,status,memout
scythe/recent_posts/011,False,3.97839,14.4705,465256,,0,False
scythe/recent_posts/022,True,600.077,611.827,1979752,,,False
scythe/recent_posts/026,False,4.06839,14.2318,250112,,1,False
scythe/recent_posts/033,True,600.045,612.05,557332,,,False
scythe/recent_posts/046,True,600.044,610.848,526056,,,False
scythe/recent_posts/051,False,5.1688,15.5527,460508,,0,False
scythe/recent_posts/050,True,600.086,611.412,3847084,,,False
scythe/recent_posts/012,True,600.042,610.714,707528,,,False
scythe/recent_posts/039,True,600.044,610.462,1006996,,,False
scythe/recent_posts/040,True,600.044,610.406,489884,,,False
scythe/recent_posts/020,True,600.049,610.96,831304,,,False
scythe/recent_posts/003,False,4.35068,14.4714,248464,,0,False
scythe/recent_posts/002,True,600.044,611.897,515000,,,False
scythe/recent_posts/016,True,600.05,610.656,1258808,,,False
scythe/recent_posts/045,False,14.0266,24.3906,463272,,0,False
scythe/recent_posts/005,False,223.082,234.599,599012,,0,False
scythe/recent_posts/028,False,142.183,152.291,573200,,0,False
scythe/recent_posts/024,True,600.044,610.656,723172,,,False
scythe/recent_posts/004,True,600.097,610.493,3002472,,,False
scythe/recent_posts/032,False,43.6972,53.7041,490180,,0,False
scythe/recent_posts/027,False,154.444,165.686,58732404,,,True
scythe/recent_posts/037,True,600.042,610.639,438496,,,False
scythe/recent_posts/017,True,600.041,610.61,588464,,,False
scythe/recent_posts/014,False,156.458,166.619,553028,,2,False
scythe/recent_posts/035,True,600.107,610.816,3859960,,,False
scythe/recent_posts/019,True,600.06,610.763,1310540,,,False
scythe/recent_posts/043,True,600.042,610.762,532940,,,False
scythe/recent_posts/013,False,500.498,510.651,480400,,0,False
scythe/recent_posts/015,False,3.84913,14.1089,248296,,1,False
scythe/recent_posts/049,True,600.045,611.865,693312,,,False
scythe/recent_posts/021,True,600.046,610.524,752404,,,False
scythe/recent_posts/023,True,600.076,611.102,1774516,,,False
scythe/recent_posts/006,True,600.039,610.571,662288,,,False
scythe/recent_posts/031,False,6.32118,16.8795,482796,,0,False
scythe/recent_posts/030,True,600.043,612.098,568732,,,False
scythe/recent_posts/047,False,73.0087,82.986,597100,,0,False
scythe/recent_posts/010,True,600.044,610.676,500680,,,False
scythe/recent_posts/025,True,600.053,610.551,1126512,,,False
scythe/recent_posts/007,True,600.076,610.574,2013700,,,False
scythe/recent_posts/001,True,600.042,610.546,518976,,,False
scythe/recent_posts/008,False,3.97573,14.0613,249840,,1,False
scythe/recent_posts/048,True,600.042,611.886,532100,,,False
scythe/recent_posts/029,True,600.038,610.712,631880,,,False
scythe/recent_posts/034,False,20.2057,30.4796,598212,,0,False
scythe/recent_posts/044,False,6.28888,17.6436,389940,,0,False
scythe/recent_posts/041,False,2.26366,13.6289,254448,,1,False
scythe/recent_posts/009,False,2.22813,14.0269,452552,,0,False
scythe/recent_posts/042,False,2.25391,13.8116,254476,,0,False
scythe/recent_posts/036,True,600.042,611.853,601344,,,False
scythe/recent_posts/038,False,4.84403,14.8904,514368,,0,False
scythe/recent_posts/018,False,3.7681,15.4689,467636,,0,False
scythe/top_rated_posts/011,False,3.25453,14.8692,516152,,0,False
scythe/top_rated_posts/022,False,4.2618,15.4882,488844,,0,False
scythe/top_rated_posts/026,True,600.042,611.976,452440,,,False
scythe/top_rated_posts/033,True,600.046,610.498,710108,,,False
scythe/top_rated_posts/046,True,600.044,610.401,590596,,,False
scythe/top_rated_posts/051,False,39.0617,49.505,446140,,0,False
scythe/top_rated_posts/050,False,78.9281,90.2175,1247400,,0,False
scythe/top_rated_posts/012,True,600.043,610.73,478164,,,False
scythe/top_rated_posts/039,False,5.06307,15.1452,457648,,0,False
scythe/top_rated_posts/052,True,600.045,611.979,589524,,,False
scythe/top_rated_posts/056,True,600.044,610.484,624972,,,False
scythe/top_rated_posts/040,False,4.59017,14.5292,250948,,0,False
scythe/top_rated_posts/057,False,163.499,174.899,452528,,0,False
scythe/top_rated_posts/020,False,4.66106,14.8222,452664,,2,False
scythe/top_rated_posts/003,False,2.7731,14.0849,498376,,0,False
scythe/top_rated_posts/002,False,2.79902,14.2918,482444,,0,False
scythe/top_rated_posts/016,False,2.80458,14.3713,415576,,0,False
scythe/top_rated_posts/045,False,11.7518,23.0752,454256,,0,False
scythe/top_rated_posts/005,True,600.074,611.892,1952284,,,False
scythe/top_rated_posts/055,False,4.50219,14.901,455844,,0,False
scythe/top_rated_posts/028,False,3.71901,15.3152,461560,,0,False
scythe/top_rated_posts/024,True,600.044,611.907,707344,,,False
scythe/top_rated_posts/004,False,14.3809,24.6078,511200,,0,False
scythe/top_rated_posts/032,False,219.624,231.483,419928,,0,False
scythe/top_rated_posts/027,False,17.2356,27.9807,475024,,0,False
scythe/top_rated_posts/037,False,11.8064,23.0793,474600,,0,False
scythe/top_rated_posts/017,False,25.3923,36.8553,600424,,2,False
scythe/top_rated_posts/014,False,2.80503,14.2435,379448,,0,False
scythe/top_rated_posts/035,True,600.044,611.897,670192,,,False
scythe/top_rated_posts/019,False,89.2471,99.3079,476724,,0,False
scythe/top_rated_posts/043,False,14.5214,24.8981,443516,,0,False
scythe/top_rated_posts/013,False,10.4172,21.8243,503484,,0,False
scythe/top_rated_posts/015,True,600.041,611.78,383728,,,False
scythe/top_rated_posts/049,False,4.50728,14.5587,481616,,0,False
scythe/top_rated_posts/021,False,4.77067,16.1995,556436,,0,False
scythe/top_rated_posts/023,False,2.30905,13.9709,450572,,0,False
scythe/top_rated_posts/006,False,11.7815,23.2232,546452,,0,False
scythe/top_rated_posts/031,False,55.8345,67.4958,512256,,2,False
scythe/top_rated_posts/030,True,600.045,610.692,608984,,,False
scythe/top_rated_posts/047,True,600.043,610.769,492348,,,False
scythe/top_rated_posts/010,False,6.2193,16.2965,536836,,0,False
scythe/top_rated_posts/025,False,4.78508,16.3124,425316,,0,False
scythe/top_rated_posts/007,True,600.042,611.948,521616,,,False
scythe/top_rated_posts/001,False,4.76161,14.9644,440240,,0,False
scythe/top_rated_posts/008,False,8.84604,20.3737,471404,,2,False
scythe/top_rated_posts/048,False,15.3774,26.9343,496324,,0,False
scythe/top_rated_posts/029,False,2.76431,14.0917,471128,,0,False
scythe/top_rated_posts/034,False,371.748,383.28,615532,,0,False
scythe/top_rated_posts/053,True,600.042,610.725,552828,,,False
scythe/top_rated_posts/044,False,5.48034,16.0083,494640,,0,False
scythe/top_rated_posts/041,True,600.043,611.949,488632,,,False
scythe/top_rated_posts/009,False,21.9614,32.4926,494288,,0,False
scythe/top_rated_posts/042,True,600.042,611.998,636996,,,False
scythe/top_rated_posts/036,True,600.042,610.334,454868,,,False
scythe/top_rated_posts/054,False,5.67253,16.0612,530360,,0,False
scythe/top_rated_posts/038,False,20.3635,31.8897,445044,,0,False
scythe/top_rated_posts/018,True,600.044,611.948,597784,,,False
leetcode/180,False,62.3787,72.9607,1023424,,0,False
leetcode/182,False,3.82736,14.557,397568,,0,False
leetcode/596,False,2.73018,13.9591,497628,,0,False
leetcode/262,True,600.042,611.662,757672,,,False
leetcode/181,True,600.045,610.5,694924,,,False
leetcode/183,False,5.25698,15.5293,449652,,0,False
leetcode/176,False,5.85063,17.4523,601796,,0,False
leetcode/595,False,6.30437,17.9041,512616,,0,False
leetcode/184,False,250.103,261.416,612260,,0,False
leetcode/185,True,600.045,610.83,772604,,,False
leetcode/197,True,600.043,610.65,633160,,,False
leetcode/178,False,7.47389,17.4998,554492,,0,False
55-tests/46,True,600.044,611.658,704716,,,False
55-tests/1,False,6.92144,17.1083,479220,,0,False
55-tests/12,False,3.23689,14.9222,444500,,0,False
55-tests/24,False,2.7778,14.4984,401380,,0,False
55-tests/43,False,401.831,413.486,1038468,,0,False
55-tests/27,False,208.93,219.158,447252,,0,False
55-tests/14,False,5.15955,15.4248,486652,,0,False
55-tests/23,False,3.32139,14.6997,398868,,0,False
55-tests/40,False,6.80664,18.1444,469256,,0,False
55-tests/4,False,11.3211,22.8024,456496,,0,False
55-tests/20,False,2.88199,14.4372,438012,,0,False
55-tests/8,False,3.24959,14.6965,405148,,0,False
55-tests/44,False,3.34062,15.0286,484496,,0,False
55-tests/35,False,23.2754,34.7198,507752,,0,False
55-tests/16,False,41.3491,52.9427,456236,,0,False
55-tests/10,False,4.91144,15.1184,460768,,0,False
55-tests/21,False,2.76743,14.5735,397508,,0,False
55-tests/18,False,8.2774,19.5442,520360,,0,False
55-tests/52,False,6.27491,17.7287,434976,,0,False
55-tests/3,False,42.8751,54.3441,444848,,0,False
55-tests/29,False,6.73734,17.7901,430324,,0,False
55-tests/36,False,3.39868,15.1788,465540,,0,False
55-tests/37,False,2.7905,14.4587,458456,,0,False
55-tests/6,False,5.27479,16.6438,494164,,0,False
55-tests/55,False,48.8473,60.3221,677112,,0,False
55-tests/30,False,6.6362,17.7424,537592,,0,False
55-tests/39,False,3.24839,14.7952,485440,,0,False
55-tests/38,True,600.045,611.777,1209308,,,False
55-tests/53,False,9.84797,20.417,507916,,0,False
55-tests/54,False,3.27081,14.7559,519956,,2,False
55-tests/25,True,600.069,611.866,2125516,,,False
55-tests/11,False,4.75329,14.7853,471356,,0,False
55-tests/7,False,2.71891,14.0528,504928,,0,False
55-tests/5,False,3.20882,14.8611,484356,,0,False
55-tests/51,False,6.27558,17.688,458076,,0,False
55-tests/32,False,7.81266,19.4016,496176,,0,False
55-tests/48,False,3.24126,14.9243,559392,,0,False
55-tests/28,False,5.73031,17.4507,406888,,0,False
55-tests/47,True,600.057,611.728,1611660,,,False
55-tests/13,False,4.43988,14.5586,247976,,0,False
55-tests/33,False,41.3509,52.7093,474496,,0,False
55-tests/34,False,106.953,118.614,438036,,0,False
55-tests/26,False,51.3308,61.3961,654968,,0,False
55-tests/45,False,4.71181,15.5212,430036,,0,False
55-tests/42,False,20.3132,31.438,663252,,0,False
55-tests/2,False,36.2477,47.2549,733544,,0,False
55-tests/41,False,68.4758,80.1021,703012,,0,False
55-tests/17,False,75.6364,86.1834,398916,,0,False
55-tests/49,False,25.5816,36.0617,442188,,0,False
55-tests/22,True,600.046,611.841,709428,,,False
55-tests/19,False,4.57656,14.9887,446136,,0,False
55-tests/15,False,28.3032,39.9021,536748,,0,False
55-tests/31,False,3.84571,14.9923,497020,,0,False
55-tests/9,False,121.427,132.741,565516,,0,False
55-tests/50,False,9.99384,20.3144,412532,,0,False
textbook/1,False,4.80301,16.3589,506692,,0,False
textbook/12,True,600.044,611.864,508660,,,False
textbook/24,False,4.91152,15.4475,391408,,0,False
textbook/27,True,600.055,611.824,1501776,,,False
textbook/14,False,4.92173,15.326,555352,,0,False
textbook/23,True,600.046,611.861,734464,,,False
textbook/4,False,12.9034,23.2547,427404,,0,False
textbook/20,True,600.044,611.802,682832,,,False
textbook/8,False,5.29696,15.2797,455540,,0,False
textbook/35,False,51.4201,62.7245,544644,,0,False
textbook/16,False,42.4296,53.3893,453220,,0,False
textbook/10,False,3.69907,14.8267,478700,,0,False
textbook/21,False,2.74838,14.3919,552548,,0,False
textbook/18,False,8.26439,19.6875,566156,,0,False
textbook/3,False,43.415,54.8011,548980,,0,False
textbook/29,True,600.099,611.491,3800592,,,False
textbook/36,True,600.044,610.51,813696,,,False
textbook/37,True,600.046,610.562,646340,,,False
textbook/6,False,7.53496,17.6878,405724,,0,False
textbook/30,True,600.043,611.937,1232852,,,False
textbook/25,True,600.099,610.522,2216768,,,False
textbook/11,False,5.0886,14.9884,433356,,0,False
textbook/7,False,2.90137,14.159,382024,,0,False
textbook/5,False,3.28863,14.7457,540340,,0,False
textbook/32,False,2.2657,13.6098,250136,,1,False
textbook/28,False,2.75819,14.2631,464660,,2,False
textbook/13,False,2.26157,13.9604,543632,,0,False
textbook/33,True,600.054,612.018,1079868,,,False
textbook/34,False,157.941,168.417,657456,,0,False
textbook/26,True,600.058,610.747,1764088,,,False
textbook/2,False,36.5972,47.007,721256,,0,False
textbook/17,False,74.3789,85.7677,477176,,0,False
textbook/22,True,600.044,611.024,682652,,,False
textbook/19,False,93.6084,104.21,450660,,0,False
textbook/15,False,30.1112,40.5333,547044,,0,False
textbook/31,False,8.33335,19.7178,540140,,2,False
textbook/9,False,119.971,131.567,610344,,0,False
